<?xml version="1.0"?>
<!--
/**
 * Atwix
 *
 * NOTICE OF LICENSE
 *
 * This source file is subject to the Open Software License (OSL 3.0)
 * that is bundled with this package in the file LICENSE.txt.
 * It is also available through the world-wide-web at this URL:
 * http://opensource.org/licenses/osl-3.0.php
 * If you did not receive a copy of the license and are unable to
 * obtain it through the world-wide-web, please send an email
 * to license@magentocommerce.com so we can send you a copy immediately.

 * @category    Atwix Mod
 * @package     Atwix_Colorswitcher
 * @author      Atwix Core Team
 * @copyright   Copyright (c) 2014 Atwix (http://www.atwix.com)
 * @license     http://opensource.org/licenses/osl-3.0.php  Open Software License (OSL 3.0)
 */-->
<config>
    <tabs>
        <atwix translate="label" module="atwix_sitemap">
            <label>Atwix Extensions</label>
            <sort_order>100</sort_order>
        </atwix>
    </tabs>
    <sections>
            <atwix_sitemap translate="label" module="atwix_sitemap">
                <class>separator-top</class>
                <label>Atwix Sitemap</label>
                <tab>atwix</tab>
                <sort_order>10</sort_order>
                <show_in_default>1</show_in_default>
                <show_in_website>1</show_in_website>
                <show_in_store>1</show_in_store>
                <groups>
                    <general translate="label">
                        <label>General Options</label>
                        <frontend_type>text</frontend_type>
                        <sort_order>10</sort_order>
                        <show_in_default>1</show_in_default>
                        <show_in_website>0</show_in_website>
                        <show_in_store>0</show_in_store>
                        <fields>
                            <enabled translate="label">
                                <label>Enable extension</label>
                                <frontend_type>select</frontend_type>
                                <source_model>adminhtml/system_config_source_yesno</source_model>
                                <sort_order>100</sort_order>
                                <show_in_default>1</show_in_default>
                                <show_in_website>1</show_in_website>
                                <show_in_store>1</show_in_store>
                            </enabled>
                            <limit translate="label">
                                <label>Item limit per page</label>
                                <frontend_type>text</frontend_type>
                                <sort_order>200</sort_order>
                                <show_in_default>1</show_in_default>
                                <show_in_website>1</show_in_website>
                                <show_in_store>1</show_in_store>
                                <comment>
                                    <![CDATA[<span class="notice">50000 if empty</span>]]>
                                </comment>
                            </limit>
                        </fields>
                    </general>
                </groups>
            </atwix_sitemap>
    </sections>
</config>
