<?xml version="1.0"?>
<!--
/**
 * @author Branko Ajzele <ajzele@gmail.com>
 * @license http://opensource.org/licenses/osl-3.0.php Open Software License (OSL 3.0)
 */
-->
<config>
    <acl>
        <resources>
            <admin>
                <children>
                    <system>
                        <children>
                            <config>
                                <children>
                                    <inchoo_twitterconnect translate="title" module="inchoo_twitterconnect">
                                        <title>Twitter Connect</title>
                                    </inchoo_twitterconnect>
                                </children>
                            </config>
                        </children>                      
                    </system>
                </children>
            </admin>
        </resources>
    </acl>
</config>