<?xml version="1.0"?>
<config>
    <!--
    /**
     * @category     Inchoo
     * @package     Inchoo Featured Products
     * @author        Domagoj Potkoc, Inchoo Team <web@inchoo.net>
     * @modified    Mladen Lotar <mladen.lotar@surgeworks.com>, Vedran Subotic <vedran.subotic@surgeworks.com>
     */
    -->
    <tabs>
        <inchoo module="inchoo_notes">
            <label>Inchoo</label>
            <sort_order>110</sort_order>
        </inchoo>
    </tabs>
    <sections>
        <featuredproducts translate="label" module="featuredproducts">
            <class>separator-top</class>
            <label>Featured Products</label>
            <tab>inchoo</tab>
            <sort_order>10</sort_order>
            <show_in_default>1</show_in_default>
            <show_in_website>1</show_in_website>
            <show_in_store>1</show_in_store>
            <groups>
                <general translate="label">
                    <label>General</label>
                    <frontend_type>text</frontend_type>
                    <sort_order>1</sort_order>
                    <show_in_default>1</show_in_default>
                    <show_in_website>1</show_in_website>
                    <show_in_store>1</show_in_store>
                    <fields>
                        
                        <active translate="label comment">
                            <label>Extension is active:</label>
                            <frontend_type>select</frontend_type>
                            <source_model>adminhtml/system_config_source_yesno</source_model>
                            <sort_order>0</sort_order>
                            <show_in_default>1</show_in_default>
                            <show_in_website>1</show_in_website>
                            <show_in_store>1</show_in_store>
                        </active>
                        <price_visible>
                            <label>Show price</label>
                            <comment>Show product price and addToCart button.</comment>
                            <frontend_type>select</frontend_type>
                            <source_model>adminhtml/system_config_source_yesno</source_model>
                            <sort_order>1</sort_order>
                            <show_in_default>1</show_in_default>
                            <show_in_website>1</show_in_website>
                            <show_in_store>1</show_in_store>
                        </price_visible>

                    </fields>
                </general>
                <cmspage translate="label">
                    <label>CMS page widget</label>
                    <frontend_type>text</frontend_type>
                    <sort_order>2</sort_order>
                    <show_in_default>1</show_in_default>
                    <show_in_website>1</show_in_website>
                    <show_in_store>1</show_in_store>
                    <fields>
                        <heading_block translate="label comment">
                            <label>Heading for CMS block</label>
                            <frontend_type>text</frontend_type>
                            <sort_order>0</sort_order>
                            <show_in_default>1</show_in_default>
                            <show_in_website>1</show_in_website>
                            <show_in_store>1</show_in_store>
                        </heading_block>
                        
                        <product_sort_by translate="label">
                            <label>Sort By in Main Block</label>
                            <comment>Main block is used in content section of the site</comment>
                            <frontend_type>select</frontend_type>
                            <source_model>featuredproducts/system_config_source_sort</source_model>
                            <sort_order>1</sort_order>
                            <show_in_default>1</show_in_default>
                            <show_in_website>0</show_in_website>
                            <show_in_store>0</show_in_store>
                        </product_sort_by>
                        
                        <number_of_items translate="label comment">
                            <label>Number Of Items in Main Block</label>
                            <comment>How many featured products will be showed in main block?</comment>
                            <frontend_type>text</frontend_type>
                            <sort_order>2</sort_order>
                            <show_in_default>1</show_in_default>
                            <show_in_website>1</show_in_website>
                            <show_in_store>1</show_in_store>
                        </number_of_items>

                        <number_of_items_per_row translate="label comment">
                            <label>Number Of Items per row in Main Block</label>
                            <comment>How many featured products will be showed per row?</comment>
                            <frontend_type>text</frontend_type>
                            <sort_order>3</sort_order>
                            <show_in_default>1</show_in_default>
                            <show_in_website>1</show_in_website>
                            <show_in_store>1</show_in_store>
                        </number_of_items_per_row>
                        
                        <max_image_dimension translate="label comment">
                            <label>Thumbnail image dimension (px)</label>
                            <comment>Maximum image width or height (depends if image is landscape or portrait)</comment>
                            <frontend_type>text</frontend_type>
                            <sort_order>7</sort_order>
                            <show_in_default>1</show_in_default>
                            <show_in_website>1</show_in_website>
                            <show_in_store>1</show_in_store>
                        </max_image_dimension>
                    </fields>
                </cmspage>
                <standalone translate="label">
                    <label>Standalone page</label>
                    <frontend_type>text</frontend_type>
                    <sort_order>3</sort_order>
                    <show_in_default>1</show_in_default>
                    <show_in_website>1</show_in_website>
                    <show_in_store>1</show_in_store>
                    <fields>
                        <heading translate="label comment">
                            <label>Heading</label>
                            <frontend_type>text</frontend_type>
                            <sort_order>0</sort_order>
                            <show_in_default>1</show_in_default>
                            <show_in_website>1</show_in_website>
                            <show_in_store>1</show_in_store>
                        </heading>
                        
                        <layout translate="label comment">
                            <label>Layout</label>
                            <comment>Layout for featured-products page</comment>
                            <frontend_type>select</frontend_type>
                            <source_model>page/source_layout</source_model>
                            <sort_order>1</sort_order>
                            <show_in_default>1</show_in_default>
                            <show_in_website>0</show_in_website>
                            <show_in_store>0</show_in_store>
                        </layout>
                        
                        <meta_title translate="label comment">
                            <label>Meta Title</label>
                            <frontend_type>text</frontend_type>
                            <sort_order>2</sort_order>
                            <show_in_default>1</show_in_default>
                            <show_in_website>1</show_in_website>
                            <show_in_store>1</show_in_store>
                        </meta_title>

                        <meta_description translate="label comment">
                            <label>Meta Description</label>
                            <frontend_type>textarea</frontend_type>
                            <sort_order>3</sort_order>
                            <show_in_default>1</show_in_default>
                            <show_in_website>1</show_in_website>
                            <show_in_store>1</show_in_store>
                        </meta_description>

                        <meta_keywords translate="label comment">
                            <label>Meta Keywords</label>
                            <frontend_type>textarea</frontend_type>
                            <sort_order>4</sort_order>
                            <show_in_default>1</show_in_default>
                            <show_in_website>1</show_in_website>
                            <show_in_store>1</show_in_store>
                        </meta_keywords>
                    </fields>
                </standalone>           
            </groups>
        </featuredproducts>
    </sections>
</config>
