<?xml version="1.0"?>
<!--
/**
 *
 * DISCLAIMER
 *
 * Use at your own risk
 *
 * @author      Branko Ajzele, http://activecodeline.com
 * @category    Ajzele
 * @package     Ajzele_MailTransport
 * @license     http://opensource.org/licenses/afl-3.0.php  Academic Free License (AFL 3.0)
 */
-->
<config>
    <sections>
        <system>
            <groups>
                <ajzele_mail_transport module="core">
                    <label>Ajzele &#124; MailTransport</label>
                    <frontend_type>text</frontend_type>
                    <sort_order>15</sort_order>
                    <show_in_default>1</show_in_default>
                    <show_in_website>1</show_in_website>
                    <show_in_store>1</show_in_store>
                    <comment>Overrides Magento's default email "send" method from within the Mage_Core_Model_Email_Template class. Allows you to use any email server that supports SMTP to send emails in place of built in email server on your web host.</comment>
                    <fields>
                        <auth translate="label">
                            <label>Authentication method</label>
                            <frontend_type>select</frontend_type>
                            <source_model>adminhtml/system_config_source_email_smtpauth</source_model>
                            <sort_order>40</sort_order>
                            <show_in_default>1</show_in_default>
                            <show_in_website>1</show_in_website>
                            <show_in_store>1</show_in_store>
                            <comment>Use "login" for Gmail.</comment>
                        </auth>
                        <ssl translate="label">
                            <label>SSL type</label>
                            <frontend_type>text</frontend_type>
                            <sort_order>41</sort_order>
                            <show_in_default>1</show_in_default>
                            <show_in_website>1</show_in_website>
                            <show_in_store>1</show_in_store>
                            <comment>Use "tls" for Gmail.</comment>
                        </ssl>
                        <smtphost translate="label">
                            <label>SMTP host</label>
                            <frontend_type>text</frontend_type>
                            <sort_order>42</sort_order>
                            <show_in_default>1</show_in_default>
                            <show_in_website>1</show_in_website>
                            <show_in_store>1</show_in_store>
                            <comment>Use "smtp.gmail.com" for Gmail.</comment>
                        </smtphost>
                        <username translate="label">
                            <label>Username</label>
                            <frontend_type>text</frontend_type>
                            <sort_order>43</sort_order>
                            <show_in_default>1</show_in_default>
                            <show_in_website>1</show_in_website>
                            <show_in_store>1</show_in_store>
                        </username>
                        <password translate="label">
                            <label>Password</label>
                            <frontend_type>password</frontend_type>
                            <sort_order>44</sort_order>
                            <show_in_default>1</show_in_default>
                            <show_in_website>1</show_in_website>
                            <show_in_store>1</show_in_store>
                        </password>
                    </fields>
                </ajzele_mail_transport>
            </groups>
        </system>
    </sections>
</config>