<?xml version="1.0" encoding="UTF-8"?>

<config>
    <menu>
        <report translate="title" module="reports">
            <children>
                <backorderreport translate="title">
                    <title>Backorder Report</title>
                    <sort_order>66020</sort_order>
                    <action>adminhtml/backorderreport_backorder/index</action>
                </backorderreport>
            </children>
        </report>
    </menu>
    <acl>
        <resources>
            <admin>
                <children>
                    <report translate="title" module="reports">
                        <children>
                            <backorderreport translate="title">
                                <title>Backorder Report</title>
                                <sort_order>66020</sort_order>
                                <action>adminhtml/backorderreport_backorder/index</action>
                            </backorderreport>
                        </children>
                    </report>
                </children>
            </admin>
        </resources>
    </acl>
</config>

