<?xml version="1.0"?>
<!--
/**
 * Atwix
 *
 * NOTICE OF LICENSE
 *
 * This source file is subject to the Open Software License (OSL 3.0)
 * that is bundled with this package in the file LICENSE.txt.
 * It is also available through the world-wide-web at this URL:
 * http://opensource.org/licenses/osl-3.0.php
 * If you did not receive a copy of the license and are unable to
 * obtain it through the world-wide-web, please send an email
 * to license@magentocommerce.com so we can send you a copy immediately.

 * @category    Atwix Mod
 * @package     Atwix_Blockspeed
 * @author      Atwix Core Team
 * @copyright   Copyright (c) 2014 Atwix (http://www.atwix.com)
 * @license     http://opensource.org/licenses/osl-3.0.php  Open Software License (OSL 3.0)
 */-->
<config>
    <tabs>
        <atwix translate="label">
            <label>Atwix Extensions</label>
            <sort_order>150</sort_order>
        </atwix>
    </tabs>
    <sections>
        <atwix_blockspeed translate="label" module="atwix_blockspeed">
            <class>separator-top</class>
            <label>Atwix Block Speed</label>
            <tab>atwix</tab>
            <sort_order>100</sort_order>
            <show_in_default>1</show_in_default>
            <show_in_website>1</show_in_website>
            <show_in_store>1</show_in_store>
            <groups>
                <atwix_blockspeed translate="label comment">
                    <label>Atwix Block Speed Options</label>
                    <frontend_type>text</frontend_type>
                    <sort_order>1</sort_order>
                    <show_in_default>1</show_in_default>
                    <show_in_website>1</show_in_website>
                    <show_in_store>1</show_in_store>
                    <fields>
                        <enabled translate="label">
                            <label>Enabled</label>
                            <comment>
                                <![CDATA[<span class="notice">Can decrease performance when enabled</span>]]>
                            </comment>
                            <frontend_type>select</frontend_type>
                            <source_model>adminhtml/system_config_source_yesno</source_model>
                            <sort_order>100</sort_order>
                            <show_in_default>1</show_in_default>
                            <show_in_website>1</show_in_website>
                            <show_in_store>1</show_in_store>
                        </enabled>
                    </fields>
                </atwix_blockspeed>
            </groups>
        </atwix_blockspeed>
    </sections>
</config>