<?xml version="1.0"?>
<!--
/**
 * Inchoo
 *
 * NOTICE OF LICENSE
 *
 * This source file is subject to the Open Software License (OSL 3.0)
 * that is bundled with this package in the file LICENSE.txt.
 * It is also available through the world-wide-web at this URL:
 * http://opensource.org/licenses/osl-3.0.php
 * If you did not receive a copy of the license and are unable to
 * obtain it through the world-wide-web, please send an email
 * to license@magentocommerce.com so we can send you a copy immediately.
 *
 * DISCLAIMER
 *
 * Please do not edit or add to this file if you wish to upgrade
 * Magento or this extension to newer versions in the future.
 * Inchoo developers (Inchooer's) give their best to conform to
 * "non-obtrusive, best Magento practices" style of coding.
 * However, Inchoo does not guarantee functional accuracy of
 * specific extension behavior. Additionally we take no responsibility
 * for any possible issue(s) resulting from extension usage.
 * We reserve the full right not to provide any kind of support for our free extensions.
 * Thank you for your understanding.
 *
 * @category    Inchoo
 * @package     Inchoo_Tag
 * @author      Damir Korpar <korpardamir@gmail.com>
 * @copyright   Copyright (c) Inchoo (http://inchoo.net/)
 * @license     http://opensource.org/licenses/osl-3.0.php  Open Software License (OSL 3.0)
 */
-->
<config>
    <menu>
        <catalog>
            <children>
                <tag translate="title" module="tag">
                    <title>Tags</title>
                    <action>adminhtml/tag/index</action>
                    <children>
                        <!--
                            childrens should be in the order (All Tags, Pending Tags)
                            for correct menu building in "None Secret Key" mode
                        -->
                        <all translate="title" module="tag">
                            <title>All Tags</title>
                            <action>adminhtml/tag/index</action>
                            <disabled>1</disabled>
                        </all>
                        <pending translate="title" module="tag">
                            <title>Pending Tags</title>
                            <action>adminhtml/tag/pending</action>
                            <disabled>1</disabled>
                        </pending>
                    </children>
                    <sort_order>60</sort_order>
                </tag>
             </children>
        </catalog>
        <report translate="title" module="reports">
            <children>
                <tags translate="title" module="tag">
                    <title>Tags</title>
                    <sort_order>50</sort_order>
                    <children>
                        <customer translate="title" module="tag">
                        	<disabled>1</disabled>
                            <title>Customers</title>
                            <action>adminhtml/report_tag/customer</action>
                        </customer>
                        <product translate="title" module="tag">
                            <title>Products</title>
                            <action>adminhtml/report_tag/product</action>
                        </product>
                        <popular translate="title" module="tag">
                            <title>Popular</title>
                            <action>adminhtml/report_tag/popular</action>
                        </popular>
                    </children>
                </tags>
            </children>
        </report>
    </menu>
    <acl>
        <resources>
            <admin>
                <children>
                    <catalog>
                        <children>
                            <tag translate="title" module="tag">
                                <title>Tags</title>
                                <children>
                                    <all translate="title">
                                        <title>All Tags</title>
                                    </all>
                                    <pending translate="title">
                                        <title>Pending Tags</title>
                                    </pending>
                                </children>
                            </tag>
                        </children>
                    </catalog>
                </children>
            </admin>
        </resources>
    </acl>
</config>
