<?xml version="1.0" encoding="UTF-8"?>
<!--
/**
 * Inchoo
 *
 * NOTICE OF LICENSE
 *
 * This source file is subject to the Open Software License (OSL 3.0)
 * that is bundled with this package in the file LICENSE.txt.
 * It is also available through the world-wide-web at this URL:
 * http://opensource.org/licenses/osl-3.0.php
 * If you did not receive a copy of the license and are unable to
 * obtain it through the world-wide-web, please send an email
 * to license@magentocommerce.com so we can send you a copy immediately.
 *
 * DISCLAIMER
 *
 * Please do not edit or add to this file if you wish to upgrade
 * Magento or this extension to newer versions in the future.
 * Inchoo developers (Inchooer's) give their best to conform to
 * "non-obtrusive, best Magento practices" style of coding.
 * However, Inchoo does not guarantee functional accuracy of
 * specific extension behavior. Additionally we take no responsibility
 * for any possible issue(s) resulting from extension usage.
 * We reserve the full right not to provide any kind of support for our free extensions.
 * Thank you for your understanding.
 *
 * @category    Inchoo
 * @package     Inchoo_USDisableRegions
 * @author      Tomas Novoselić <tomas@inchoo.net>
 * @copyright   Copyright (c) Inchoo (http://inchoo.net/)
 * @license     http://opensource.org/licenses/osl-3.0.php  Open Software License (OSL 3.0)
 */
-->
<config>
    <sections>
        <general translate="label" module="USDisableRegions">
            <groups>
                <enabled_regions translate="label">
                    <label>Enabled regions</label>
                    <frontend_type>text</frontend_type>
                    <sort_order>2</sort_order>
                    <show_in_default>1</show_in_default>
                    <show_in_website>1</show_in_website>
                    <show_in_store>0</show_in_store>
                    <fields>
                        <region translate="label">
                            <frontend_type>multiselect</frontend_type>
                            <source_model>USDisableRegions/adminhtml_system_config_source_region</source_model>
                            <sort_order>1</sort_order>
                            <show_in_default>1</show_in_default>
                            <show_in_website>1</show_in_website>
                            <show_in_store>0</show_in_store>
                        </region>
                    </fields>
                </enabled_regions>
            </groups>
        </general>
    </sections>
</config>