<?xml version="1.0"?>
<config>
    <api>
        <resources>           
            <!-- START GUSTOMER GROUP RESOURCES -->
            <mapy_customer_group>
                <model>inchoo_mapy/customer_group_api</model>
                <title>Inchoo Customer's Groups API</title>
                <acl>mapy_data</acl>
                <methods>
                    <list translate="title" module="inchoo_mapy">
                        <title>Retrieve customer groups</title>
                        <method>mapyItems</method>
                    </list>
                </methods>
            </mapy_customer_group>
            <!-- END CUSTOMER GROUP RESOURCES -->
        </resources>
        <v2>
            <resources_function_prefix>
                <mapy_customer_group>mapy_customerGroup</mapy_customer_group>
            </resources_function_prefix>
        </v2>  
        <acl>
            <resources>
                <mapy_data translate="title" module="inchoo_mapy">
                    <title>Mapy data</title>
                    <sort_order>3</sort_order>
                </mapy_data>
            </resources>
        </acl>
    </api>
</config>

