<?xml version="1.0" encoding="UTF-8"?>
<definitions xmlns:typens="urn:{{var wsdl.name}}" xmlns:xsd="http://www.w3.org/2001/XMLSchema" xmlns:soap="http://schemas.xmlsoap.org/wsdl/soap/"
    xmlns:soapenc="http://schemas.xmlsoap.org/soap/encoding/" xmlns:wsdl="http://schemas.xmlsoap.org/wsdl/" xmlns="http://schemas.xmlsoap.org/wsdl/"
    name="{{var wsdl.name}}" targetNamespace="urn:{{var wsdl.name}}" xmlns:ns0="urn:Magento">
    <types>
        <schema xmlns="http://www.w3.org/2001/XMLSchema" targetNamespace="urn:Magento">
            <import namespace="http://schemas.xmlsoap.org/soap/encoding/" schemaLocation="http://schemas.xmlsoap.org/soap/encoding/" />


            <complexType name="mapy_customerGroupEntity">
                <all>
                    <element name="customer_group_id" type="xsd:int" />
                    <element name="customer_group_code" type="xsd:string" />
                    <element name="customers_count" type="xsd:int" />
                </all>
            </complexType>
            <complexType name="mapy_customerGroupEntityArray">
                <complexContent>
                    <restriction base="soapenc:Array">
                        <attribute ref="soapenc:arrayType" wsdl:arrayType="typens:mapy_customerGroupEntity[]" />
                    </restriction>
                </complexContent>
            </complexType>

        </schema>
    </types>
    
<!--END TYPES -->
    
<!--BEGIN MESSAGES -->

    <message name="mapy_customerGroupListRequest">
        <part name="sessionId" type="xsd:string" />
    </message>
    <message name="mapy_customerGroupListResponse">
        <part name="result" type="typens:mapy_customerGroupEntityArray" />
    </message>
    
<!--END MESSAGES -->
    
    
<!--BEGIN PORT TYPES -->
    
    <portType name="{{var wsdl.handler}}PortType">

        <operation name="mapy_customerGroupList">
            <documentation>Retrieve customer groups</documentation>
            <input message="typens:mapy_customerGroupListRequest" />
            <output message="typens:mapy_customerGroupListResponse" />
        </operation>
        
    </portType>
    
<!--END PORT TYPES -->    
    
<!--BEGIN BINDINGS --> 

    <binding name="{{var wsdl.handler}}Binding" type="typens:{{var wsdl.handler}}PortType">
        <soap:binding style="rpc" transport="http://schemas.xmlsoap.org/soap/http" />
        
        <!--BEGIN CUSTOMER BINDINGS -->
        <operation name="mapy_customerGroupList">
            <soap:operation soapAction="urn:{{var wsdl.handler}}Action" />
            <input>
                <soap:body namespace="urn:{{var wsdl.name}}" use="encoded" encodingStyle="http://schemas.xmlsoap.org/soap/encoding/" />
            </input>
            <output>
                <soap:body namespace="urn:{{var wsdl.name}}" use="encoded" encodingStyle="http://schemas.xmlsoap.org/soap/encoding/" />
            </output>
        </operation>
        <!--END CUSTOMER BINDINGS --> 
    </binding>
<!--END BINDINGS -->     
    
</definitions>
