<?xml version="1.0" encoding="UTF-8"?>
<wsdl:definitions xmlns:typens="urn:{{var wsdl.name}}"
             xmlns:xsd="http://www.w3.org/2001/XMLSchema"
             xmlns:soap="http://schemas.xmlsoap.org/wsdl/soap/"
             xmlns:soapenc="http://schemas.xmlsoap.org/soap/encoding/"
             xmlns:wsdl="http://schemas.xmlsoap.org/wsdl/"
             name="{{var wsdl.name}}"
             targetNamespace="urn:{{var wsdl.name}}">
    <wsdl:types>
        <xsd:schema xmlns:xsd="http://www.w3.org/2001/XMLSchema" targetNamespace="urn:{{var wsdl.name}}">
            
<!--BEGIN TYPES --> 

            <!--BEGIN CUSTOMER TYPES -->
            <xsd:complexType name="mapy_customerGroupEntity">
                <xsd:sequence>
                    <xsd:element name="customer_group_id" type="xsd:int" />
                    <xsd:element name="customer_group_code" type="xsd:string" />
                    <xsd:element name="customers_count" type="xsd:int" />
                </xsd:sequence>
            </xsd:complexType>
            <xsd:complexType name="mapy_customerGroupEntityArray">
                <xsd:sequence>
                    <xsd:element minOccurs="0" maxOccurs="unbounded" name="complexObjectArray" type="typens:mapy_customerGroupEntity" />
                </xsd:sequence>
            </xsd:complexType>
            <!--END CUSTOMER TYPES -->
            
            <!--BEGIN CUSTOMER PARAMS -->
            <xsd:element name="mapy_customerGroupListRequestParam">
                <xsd:complexType>
                    <xsd:sequence>
                        <xsd:element minOccurs="1" maxOccurs="1" name="sessionId" type="xsd:string" />
                    </xsd:sequence>
                </xsd:complexType>
            </xsd:element>
            <xsd:element name="mapy_customerGroupListResponseParam">
                <xsd:complexType>
                    <xsd:sequence>
                        <xsd:element minOccurs="1" maxOccurs="1" name="result" type="typens:mapy_customerGroupEntityArray" />
                    </xsd:sequence>
                </xsd:complexType>
            </xsd:element>
            <!--END CUSTOMER PARAMS -->
            
        </xsd:schema>
    </wsdl:types>
    
    
<!-- BEGIN MESSAGES -->

            <!-- BEGIN CUSTOMER MESSAGES -->
    <wsdl:message name="mapy_customerGroupListRequest">
        <wsdl:part name="parameters" element="typens:mapy_customerGroupListRequestParam" />
    </wsdl:message>
    <wsdl:message name="mapy_customerGroupListResponse">
        <wsdl:part name="parameters" element="typens:mapy_customerGroupListResponseParam" />
    </wsdl:message>
            <!-- END CUSTOMER MESSAGES -->

<!-- END MESSAGES -->


    <wsdl:portType name="{{var wsdl.handler}}PortType">
<!-- BEGIN PORT TYPES -->
            <!-- BEGIN CUSTOMER PORT TYPES -->
        <wsdl:operation name="mapy_customerGroupList">
            <wsdl:documentation>Retrieve customer groups</wsdl:documentation>
            <wsdl:input message="typens:mapy_customerGroupListRequest" />
            <wsdl:output message="typens:mapy_customerGroupListResponse" />
        </wsdl:operation>
            <!-- END CUSTOMER PORT TYPES -->
            
<!-- END PORT TYPES -->
    </wsdl:portType>
    <wsdl:binding name="{{var wsdl.handler}}Binding" type="typens:{{var wsdl.handler}}PortType">
        <soap:binding style="document" transport="http://schemas.xmlsoap.org/soap/http" />
        
<!-- BEGIN BINDINGS -->
            <!-- BEGIN CUSTOMER BINDINGS -->
        <wsdl:operation name="mapy_customerGroupList">
            <soap:operation soapAction="" />
            <wsdl:input>
                <soap:body use="literal" />
            </wsdl:input>
            <wsdl:output>
                <soap:body use="literal" />
            </wsdl:output>
        </wsdl:operation>
            <!-- END CUSTOMER BINDINGS -->
<!-- END BINDINGS -->
    </wsdl:binding>
</wsdl:definitions>