<?xml version="1.0" encoding="UTF-8"?>
<!--
/**
 * @category    Inchoo
 * @package     Inchoo_Facebook
 * @author      Ivan Weiler <ivan.weiler@gmail.com>
 * @copyright   Inchoo (http://inchoo.net)
 * @license     http://opensource.org/licenses/osl-3.0.php  Open Software License (OSL 3.0)
 */
-->
<config>
    <sections>
        <customer>
        	<groups>
        		<facebook translate="label" module="facebook">
                    <label>Facebook Connect Options</label>
                    <frontend_type>text</frontend_type>
                    <sort_order>100</sort_order>
                    <show_in_default>1</show_in_default>
                    <show_in_website>1</show_in_website>
                    <show_in_store>1</show_in_store>
                    <fields>
                        <enabled translate="label">
                            <label>Enabled</label>
                            <frontend_type>select</frontend_type>
                            <source_model>adminhtml/system_config_source_yesno</source_model>
                            <sort_order>10</sort_order>
                            <show_in_default>1</show_in_default>
                            <show_in_website>1</show_in_website>
                            <show_in_store>1</show_in_store>
                        </enabled>
                        <api_key translate="label" module="facebook">
                            <label>Application Api Key</label>
                            <frontend_type>text</frontend_type>
                            <sort_order>20</sort_order>
                            <show_in_default>1</show_in_default>
                            <show_in_website>1</show_in_website>
                            <show_in_store>1</show_in_store>
                        </api_key>
						<secret translate="label" module="facebook">
                            <label>Application Secret</label>
                            <frontend_type>text</frontend_type>
                            <sort_order>30</sort_order>
                            <show_in_default>1</show_in_default>
                            <show_in_website>1</show_in_website>
                            <show_in_store>1</show_in_store>
                        </secret>
						<locale translate="label" module="facebook">
                            <label>Locale</label>
                            <frontend_type>select</frontend_type>
                            <source_model>facebook/adminhtml_system_config_source_locale</source_model>
                            <sort_order>40</sort_order>
                            <show_in_default>1</show_in_default>
                            <show_in_website>1</show_in_website>
                            <show_in_store>1</show_in_store>
                        </locale>
                    </fields>
	            </facebook>
            </groups>
		</customer>
	</sections>
</config>